Chromosome	Coordinate	SNV
chr14	37695514	c>G
chr14	37700981	a>G
chr14	37703714	a>T
chr14	37715593	C>T
chr14	37715710	T>C
chr14	37730447	A>G
chr14	37755665	g>T
chr14	37762423	A>G
chr14	37781081	c>A
chr14	37785616	c>T
chr14	37787646	A>C
chr14	37803915	a>G
chr14	37829761	g>A
chr14	37857322	G>C
chr14	37870712	g>A
chr14	37884260	T>C
chr14	37887005	A>G
chr14	37887437	G>T
chr14	37888682	a>G
chr14	37888869	g>T
chr14	37890288	G>A
chr14	37903468	t>G
chr14	37904343	A>T
chr14	37905854	A>G
chr14	37906009	T>C
chr14	37918105	G>A
chr14	37925787	A>G
chr14	37941995	g>A
chr14	37952831	c>T
chr14	37966152	a>T
chr14	37975348	g>T
chr14	37997221	C>G
chr14	38008477	a>G
chr14	38012766	g>A
chr14	38015049	C>G
chr14	38022140	c>T
chr14	38022335	a>T
chr14	38036543	A>G
chr14	38037962	G>C
chr14	38051839	G>T
chr14	38055269	C>G
chr14	38055908	T>C
chr14	38056977	T>G
chr14	38059153	G>A
chr14	38060558	C>T
chr14	38061208	G>C
chr14	38061229	A>C
chr14	38061231	A>C
chr14	38061231	A>G
chr14	38061231	A>T
chr14	38061250	G>A
chr14	38061294	G>A
chr14	38061313	C>T
chr14	38061317	G>T
chr14	38061340	A>C
chr14	38061528	c>T
chr14	38061975	G>T
chr14	38062840	C>G
chr14	38072955	C>A
chr14	38082628	c>T
chr14	38097288	g>A
chr14	38099831	g>T
chr14	38103657	g>A
chr14	38107989	t>G
chr14	38109595	T>C
chr14	38127842	t>C
chr14	38145684	a>G
chr14	38151460	a>C
chr14	38152352	T>G
chr14	38161158	a>G
chr14	38165472	A>T
chr14	38165665	A>G
chr14	38178575	t>A
chr14	38193969	T>C
chr14	38197633	a>C
